dt,x,y,position,velocity,acceleration,jerk,heading
0.005000,0.000000,0.000000,0.000001,0.000485,0.097051,19.410149,0.000023
0.005000,0.000000,0.000000,0.000006,0.001456,0.194101,19.410149,0.000022
0.005000,0.000000,0.000000,0.000017,0.002912,0.291152,19.410149,0.000019
0.005000,0.000000,0.000000,0.000036,0.004853,0.388203,19.410149,0.000013
0.005000,0.000000,0.000000,0.000067,0.007279,0.485254,19.410149,0.000004
0.005000,0.000031,-0.000000,0.000110,0.010190,0.582304,19.410149,6.283176
0.005000,0.000090,-0.000000,0.000170,0.013587,0.679355,19.410149,6.283159
0.005000,0.000168,-0.000000,0.000247,0.017469,0.776406,19.410149,6.283136
0.005000,0.000266,-0.000000,0.000346,0.021836,0.873457,19.410149,6.283107
0.005000,0.000387,-0.000000,0.000467,0.026689,0.970507,19.410149,6.283071
0.005000,0.000534,-0.000000,0.000614,0.032027,1.067558,19.410149,6.283027
0.005000,0.000709,-0.000000,0.000789,0.037850,1.164609,19.410149,6.282976
0.005000,0.000914,-0.000000,0.000994,0.044158,1.261660,19.410149,6.282915
0.005000,0.001152,-0.000000,0.001231,0.050952,1.358710,19.410149,6.282845
0.005000,0.001425,-0.000000,0.001504,0.058230,1.455761,19.410149,6.282764
0.005000,0.001735,-0.000000,0.001815,0.065995,1.552812,19.410149,6.282672
0.005000,0.002086,-0.000001,0.002165,0.074244,1.649863,19.410149,6.282569
0.005000,0.002479,-0.000001,0.002559,0.082978,1.746913,19.410149,6.282453
0.005000,0.002917,-0.000001,0.002996,0.092198,1.843964,19.410149,6.282323
0.005000,0.003402,-0.000002,0.003482,0.101903,1.941015,19.410149,6.282180
0.005000,0.003937,-0.000002,0.004017,0.112094,2.038066,19.410149,6.282021
0.005000,0.004524,-0.000003,0.004604,0.122769,2.135116,19.410149,6.281848
0.005000,0.005166,-0.000004,0.005246,0.133930,2.232167,19.410149,6.281658
0.005000,0.005865,-0.000005,0.005944,0.145576,2.329218,19.410149,6.281451
0.005000,0.006623,-0.000006,0.006703,0.157707,2.426269,19.410149,6.281227
0.005000,0.007443,-0.000008,0.007523,0.170324,2.523319,19.410149,6.280984
0.005000,0.008327,-0.000010,0.008407,0.183426,2.620370,19.410149,6.280723
0.005000,0.009278,-0.000013,0.009358,0.197013,2.717421,19.410149,6.280441
0.005000,0.010299,-0.000016,0.010378,0.211085,2.814472,19.410149,6.280139
0.005000,0.011391,-0.000019,0.011470,0.225643,2.911522,19.410149,6.279816
0.005000,0.012556,-0.000023,0.012636,0.240686,3.008573,19.410149,6.279471
0.005000,0.013799,-0.000028,0.013878,0.256214,3.105624,19.410149,6.279103
0.005000,0.015120,-0.000034,0.015199,0.272227,3.202675,19.410149,6.278711
0.005000,0.016522,-0.000040,0.016602,0.288726,3.299725,19.410149,6.278296
0.005000,0.018008,-0.000048,0.018088,0.305710,3.396776,19.410149,6.277855
0.005000,0.019580,-0.000057,0.019660,0.323179,3.493827,19.410149,6.277389
0.005000,0.021241,-0.000067,0.021321,0.341133,3.590878,19.410149,6.276897
0.005000,0.022993,-0.000078,0.023073,0.359573,3.687928,19.410149,6.276377
0.005000,0.024838,-0.000091,0.024918,0.378498,3.784979,19.410149,6.275829
0.005000,0.026779,-0.000106,0.026859,0.397908,3.882030,19.410149,6.275253
0.005000,0.028818,-0.000123,0.028898,0.417803,3.979081,19.410149,6.274648
0.005000,0.030958,-0.000142,0.031038,0.438184,4.076131,19.410149,6.274012
0.005000,0.033201,-0.000163,0.033281,0.459050,4.173182,19.410149,6.273345
0.005000,0.035549,-0.000187,0.035630,0.480401,4.270233,19.410149,6.272647
0.005000,0.038006,-0.000214,0.038086,0.502238,4.367284,19.410149,6.271917
0.005000,0.040573,-0.000244,0.040653,0.524559,4.464334,19.410149,6.271153
0.005000,0.043252,-0.000277,0.043333,0.547366,4.561385,19.410149,6.270355
0.005000,0.046047,-0.000314,0.046128,0.570658,4.658436,19.410149,6.269523
0.005000,0.048960,-0.000355,0.049041,0.594436,4.755487,19.410149,6.268655
0.005000,0.051992,-0.000401,0.052074,0.618699,4.852537,19.410149,6.267752
0.005000,0.055147,-0.000451,0.055229,0.643446,4.949588,19.410149,6.266811
0.005000,0.058427,-0.000506,0.058509,0.668680,5.046639,19.410149,6.265832
0.005000,0.061834,-0.000567,0.061917,0.694398,5.143690,19.410149,6.264815
0.005000,0.065371,-0.000634,0.065455,0.720602,5.240740,19.410149,6.263758
0.005000,0.069040,-0.000707,0.069124,0.747291,5.337791,19.410149,6.262662
0.005000,0.072843,-0.000787,0.072929,0.774465,5.434842,19.410149,6.261524
0.005000,0.076784,-0.000875,0.076870,0.802124,5.531893,19.410149,6.260345
0.005000,0.080864,-0.000971,0.080951,0.830269,5.628943,19.410149,6.259123
0.005000,0.085085,-0.001075,0.085174,0.858899,5.725994,19.410149,6.257858
0.005000,0.089451,-0.001189,0.089541,0.888014,5.823045,19.410149,6.256549
0.005000,0.093964,-0.001312,0.094056,0.917615,5.920096,19.410149,6.255195
0.005000,0.098625,-0.001446,0.098719,0.947701,6.017146,19.410149,6.253796
0.005000,0.103438,-0.001591,0.103534,0.978272,6.114197,19.410149,6.252349
0.005000,0.108404,-0.001747,0.108503,1.009328,6.211248,19.410149,6.250856
0.005000,0.113527,-0.001917,0.113628,1.040869,6.308299,19.410149,6.249315
0.005000,0.118808,-0.002100,0.118913,1.072896,6.405349,19.410149,6.247724
0.005000,0.124250,-0.002298,0.124358,1.105408,6.502400,19.410149,6.246084
0.005000,0.129856,-0.002511,0.129968,1.138405,6.599451,19.410149,6.244393
0.005000,0.135627,-0.002740,0.135744,1.171888,6.696501,19.410149,6.242651
0.005000,0.141566,-0.002986,0.141688,1.205856,6.793552,19.410149,6.240857
0.005000,0.147676,-0.003250,0.147803,1.240309,6.890603,19.410149,6.239009
0.005000,0.153958,-0.003534,0.154092,1.275247,6.987654,19.410149,6.237108
0.005000,0.160416,-0.003838,0.160557,1.310670,7.084704,19.410149,6.235152
0.005000,0.167051,-0.004164,0.167200,1.346579,7.181755,19.410149,6.233140
0.005000,0.173866,-0.004512,0.174024,1.382973,7.278806,19.410149,6.231072
0.005000,0.180862,-0.004884,0.181030,1.419367,7.278806,-0.000000,6.228948
0.005000,0.188039,-0.005282,0.188218,1.455761,7.278806,0.000000,6.226766
0.005000,0.195397,-0.005706,0.195588,1.492155,7.278806,0.000000,6.224528
0.005000,0.202935,-0.006157,0.203139,1.528549,7.278806,-0.000000,6.222232
0.005000,0.210654,-0.006637,0.210873,1.564943,7.278806,0.000000,6.219879
0.005000,0.218553,-0.007148,0.218789,1.601337,7.278806,0.000000,6.217469
0.005000,0.226632,-0.007689,0.226886,1.637731,7.278806,0.000000,6.215001
0.005000,0.234892,-0.008264,0.235166,1.674125,7.278806,-0.000000,6.212477
0.005000,0.243332,-0.008873,0.243628,1.710519,7.278806,0.000000,6.209894
0.005000,0.251951,-0.009517,0.252271,1.746913,7.278806,0.000000,6.207255
0.005000,0.260751,-0.010198,0.261097,1.783307,7.278806,-0.000000,6.204557
0.005000,0.269729,-0.010918,0.270104,1.819701,7.278806,0.000000,6.201802
0.005000,0.278887,-0.011678,0.279294,1.856096,7.278806,-0.000000,6.198990
0.005000,0.288224,-0.012479,0.288665,1.892490,7.278806,0.000000,6.196120
0.005000,0.297740,-0.013324,0.298219,1.928884,7.278806,0.000000,6.193192
0.005000,0.307435,-0.014214,0.307954,1.965278,7.278806,0.000000,6.190207
0.005000,0.317308,-0.015149,0.317872,2.001672,7.278806,0.000000,6.187164
0.005000,0.327360,-0.016133,0.327971,2.038066,7.278806,-0.000000,6.184063
0.005000,0.337589,-0.017167,0.338252,2.074460,7.278806,0.000000,6.180905
0.005000,0.347996,-0.018252,0.348715,2.110854,7.278806,-0.000000,6.177690
0.005000,0.358580,-0.019390,0.359361,2.147248,7.278806,0.000000,6.174417
0.005000,0.369341,-0.020583,0.370188,2.183642,7.278806,0.000000,6.171086
0.005000,0.380279,-0.021833,0.381197,2.220036,7.278806,-0.000000,6.167699
0.005000,0.391393,-0.023142,0.392388,2.256430,7.278806,-0.000000,6.164254
0.005000,0.402684,-0.024511,0.403761,2.292824,7.278806,0.000000,6.160753
0.005000,0.414150,-0.025943,0.415317,2.329218,7.278806,-0.000000,6.157194
0.005000,0.425791,-0.027439,0.427054,2.365612,7.278806,0.000000,6.153579
0.005000,0.437608,-0.029001,0.438973,2.402006,7.278806,0.000000,6.149907
0.005000,0.449598,-0.030631,0.451074,2.438400,7.278806,0.000000,6.146179
0.005000,0.461763,-0.032332,0.463357,2.474794,7.278806,0.000000,6.142395
0.005000,0.474101,-0.034105,0.475822,2.511188,7.278806,0.000000,6.138555
0.005000,0.486612,-0.035952,0.488469,2.547582,7.278806,0.000000,6.134660
0.005000,0.499296,-0.037875,0.501297,2.583976,7.278806,-0.000000,6.130709
0.005000,0.512152,-0.039877,0.514308,2.620370,7.278806,0.000000,6.126704
0.005000,0.525180,-0.041960,0.527501,2.656764,7.278806,0.000000,6.122644
0.005000,0.538378,-0.044125,0.540876,2.693158,7.278806,0.000000,6.118530
0.005000,0.551747,-0.046375,0.554433,2.729552,7.278806,0.000000,6.114362
0.005000,0.565285,-0.048712,0.568171,2.765946,7.278806,0.000000,6.110141
0.005000,0.578993,-0.051138,0.582092,2.802340,7.278806,-0.000000,6.105867
0.005000,0.592869,-0.053656,0.596195,2.838734,7.278806,0.000000,6.101541
0.005000,0.606913,-0.056267,0.610480,2.875128,7.278806,-0.000000,6.097163
0.005000,0.621124,-0.058974,0.624946,2.911522,7.278806,0.000000,6.092733
0.005000,0.635502,-0.061779,0.639595,2.947916,7.278806,0.000000,6.088253
0.005000,0.650045,-0.064685,0.654425,2.984310,7.278806,0.000000,6.083723
0.005000,0.664753,-0.067693,0.669438,3.020704,7.278806,0.000000,6.079144
0.005000,0.679625,-0.070807,0.684632,3.057099,7.278806,-0.000000,6.074516
0.005000,0.694660,-0.074027,0.700009,3.093493,7.278806,0.000000,6.069839
0.005000,0.709858,-0.077357,0.715567,3.129887,7.278806,0.000000,6.065116
0.005000,0.725218,-0.080799,0.731308,3.166281,7.278806,0.000000,6.060346
0.005000,0.740738,-0.084355,0.747230,3.202675,7.278806,0.000000,6.055531
0.005000,0.756418,-0.088028,0.763334,3.239069,7.278806,0.000000,6.050671
0.005000,0.772256,-0.091820,0.779621,3.275463,7.278806,0.000000,6.045768
0.005000,0.788253,-0.095733,0.796089,3.311857,7.278806,-0.000000,6.040821
0.005000,0.804407,-0.099769,0.812739,3.348251,7.278806,0.000000,6.035833
0.005000,0.820716,-0.103931,0.829572,3.384645,7.278806,0.000000,6.030803
0.005000,0.837181,-0.108222,0.846586,3.421039,7.278806,0.000000,6.025734
0.005000,0.853799,-0.112643,0.863782,3.457433,7.278806,0.000000,6.020627
0.005000,0.870570,-0.117196,0.881160,3.493827,7.278806,0.000000,6.015481
0.005000,0.887492,-0.121885,0.898720,3.530221,7.278806,0.000000,6.010300
0.005000,0.904564,-0.126711,0.916461,3.566130,7.181755,-19.410149,6.005084
0.005000,0.921782,-0.131676,0.934380,3.601553,7.084704,-19.410149,5.999834
0.005000,0.939142,-0.136780,0.952475,3.636491,6.987654,-19.410149,5.994554
0.005000,0.956641,-0.142027,0.970744,3.670944,6.890603,-19.410149,5.989246
0.005000,0.974275,-0.147416,0.989184,3.704912,6.793552,-19.410149,5.983910
0.005000,0.992042,-0.152950,1.007792,3.738395,6.696501,-19.410149,5.978550
0.005000,1.009936,-0.158630,1.026566,3.771392,6.599451,-19.410149,5.973167
0.005000,1.027956,-0.164456,1.045505,3.803904,6.502400,-19.410149,5.967763
0.005000,1.046097,-0.170430,1.064604,3.835931,6.405349,-19.410149,5.962341
0.005000,1.064356,-0.176554,1.083863,3.867472,6.308299,-19.410149,5.956902
0.005000,1.082730,-0.182827,1.103278,3.898528,6.211248,-19.410149,5.951450
0.005000,1.101215,-0.189251,1.122847,3.929099,6.114197,-19.410149,5.945985
0.005000,1.119807,-0.195826,1.142568,3.959185,6.017146,-19.410149,5.940510
0.005000,1.138503,-0.202554,1.162437,3.988786,5.920096,-19.410149,5.935028
0.005000,1.157300,-0.209435,1.182454,4.017901,5.823045,-19.410149,5.929539
0.005000,1.176194,-0.216469,1.202615,4.046531,5.725994,-19.410149,5.924048
0.005000,1.195182,-0.223657,1.222918,4.074676,5.628943,-19.410149,5.918555
0.005000,1.214260,-0.230999,1.243361,4.102335,5.531893,-19.410149,5.913062
0.005000,1.233426,-0.238496,1.263940,4.129509,5.434842,-19.410149,5.907573
0.005000,1.252675,-0.246148,1.284655,4.156198,5.337791,-19.410149,5.902089
0.005000,1.272005,-0.253955,1.305501,4.182402,5.240740,-19.410149,5.896612
0.005000,1.291411,-0.261916,1.326477,4.208120,5.143690,-19.410149,5.891144
0.005000,1.310892,-0.270033,1.347581,4.233354,5.046639,-19.410149,5.885687
0.005000,1.330443,-0.278304,1.368810,4.258101,4.949588,-19.410149,5.880244
0.005000,1.350061,-0.286729,1.390161,4.282364,4.852537,-19.410149,5.874817
0.005000,1.369744,-0.295309,1.411632,4.306142,4.755487,-19.410149,5.869407
0.005000,1.389487,-0.304043,1.433221,4.329434,4.658436,-19.410149,5.864016
0.005000,1.409288,-0.312930,1.454925,4.352241,4.561385,-19.410149,5.858647
0.005000,1.429145,-0.321969,1.476742,4.374562,4.464334,-19.410149,5.853301
0.005000,1.449052,-0.331161,1.498670,4.396399,4.367284,-19.410149,5.847981
0.005000,1.469009,-0.340504,1.520705,4.417750,4.270233,-19.410149,5.842688
0.005000,1.489011,-0.349997,1.542846,4.438616,4.173182,-19.410149,5.837424
0.005000,1.509057,-0.359640,1.565090,4.458997,4.076131,-19.410149,5.832191
0.005000,1.529142,-0.369432,1.587435,4.478892,3.979081,-19.410149,5.826990
0.005000,1.549264,-0.379371,1.609878,4.498302,3.882030,-19.410149,5.821824
0.005000,1.569420,-0.389456,1.632417,4.517227,3.784979,-19.410149,5.816694
0.005000,1.589608,-0.399687,1.655049,4.535667,3.687928,-19.410149,5.811602
0.005000,1.609825,-0.410061,1.677772,4.553621,3.590878,-19.410149,5.806549
0.005000,1.630068,-0.420578,1.700584,4.571090,3.493827,-19.410149,5.801537
0.005000,1.650334,-0.431236,1.723482,4.588074,3.396776,-19.410149,5.796567
0.005000,1.670622,-0.442033,1.746463,4.604573,3.299725,-19.410149,5.791642
0.005000,1.690927,-0.452968,1.769526,4.620586,3.202675,-19.410149,5.786761
0.005000,1.711249,-0.464039,1.792668,4.636114,3.105624,-19.410149,5.781928
0.005000,1.731584,-0.475245,1.815886,4.651157,3.008573,-19.410149,5.777142
0.005000,1.751930,-0.486583,1.839178,4.665715,2.911522,-19.410149,5.772406
0.005000,1.772285,-0.498053,1.862542,4.679787,2.814472,-19.410149,5.767721
0.005000,1.792646,-0.509651,1.885975,4.693374,2.717421,-19.410149,5.763087
0.005000,1.813011,-0.521376,1.909475,4.706476,2.620370,-19.410149,5.758507
0.005000,1.833379,-0.533227,1.933039,4.719093,2.523319,-19.410149,5.753980
0.005000,1.853746,-0.545200,1.956664,4.731224,2.426269,-19.410149,5.749509
0.005000,1.874111,-0.557294,1.980350,4.742870,2.329218,-19.410149,5.745094
0.005000,1.894471,-0.569506,2.004092,4.754031,2.232167,-19.410149,5.740735
0.005000,1.914825,-0.581835,2.027889,4.764706,2.135116,-19.410149,5.736435
0.005000,1.935171,-0.594277,2.051738,4.774897,2.038066,-19.410149,5.732194
0.005000,1.955507,-0.606832,2.075636,4.784602,1.941015,-19.410149,5.728013
0.005000,1.975830,-0.619495,2.099583,4.793822,1.843964,-19.410149,5.723892
0.005000,1.996140,-0.632266,2.123573,4.802556,1.746913,-19.410149,5.719833
0.005000,2.016434,-0.645141,2.147607,4.810805,1.649863,-19.410149,5.715835
0.005000,2.036710,-0.658118,2.171680,4.818570,1.552812,-19.410149,5.711900
0.005000,2.056967,-0.671195,2.195791,4.825848,1.455761,-19.410149,5.708028
0.005000,2.077203,-0.684368,2.219938,4.832642,1.358710,-19.410149,5.704220
0.005000,2.097417,-0.697636,2.244117,4.838950,1.261660,-19.410149,5.700476
0.005000,2.117606,-0.710995,2.268326,4.844773,1.164609,-19.410149,5.696797
0.005000,2.137770,-0.724444,2.292563,4.850111,1.067558,-19.410149,5.693183
0.005000,2.157907,-0.737978,2.316826,4.854964,0.970507,-19.410149,5.689635
0.005000,2.178015,-0.751597,2.341111,4.859331,0.873457,-19.410149,5.686153
0.005000,2.198093,-0.765296,2.365418,4.863213,0.776406,-19.410149,5.682737
0.005000,2.218140,-0.779073,2.389742,4.866610,0.679355,-19.410149,5.679387
0.005000,2.238153,-0.792926,2.414083,4.869521,0.582304,-19.410149,5.676105
0.005000,2.258133,-0.806851,2.438436,4.871947,0.485254,-19.410149,5.672889
0.005000,2.278077,-0.820847,2.462801,4.873888,0.388203,-19.410149,5.669741
0.005000,2.297985,-0.834909,2.487174,4.875344,0.291152,-19.410149,5.666660
0.005000,2.317854,-0.849035,2.511553,4.876315,0.194101,-19.410149,5.663646
0.005000,2.337684,-0.863222,2.535936,4.876800,0.097051,-19.410149,5.660700
0.005000,2.357474,-0.877468,2.560320,4.876800,0.000000,-19.410149,5.657822
0.005000,2.377223,-0.891770,2.584704,4.876800,0.000000,0.000000,5.655011
0.005000,2.396932,-0.906127,2.609088,4.876800,0.000000,0.000000,5.652268
0.005000,2.416603,-0.920537,2.633472,4.876800,0.000000,0.000000,5.649591
0.005000,2.436235,-0.934999,2.657856,4.876800,0.000000,0.000000,5.646981
0.005000,2.455830,-0.949512,2.682240,4.876800,0.000000,0.000000,5.644438
0.005000,2.475388,-0.964074,2.706624,4.876800,0.000000,0.000000,5.641961
0.005000,2.494911,-0.978684,2.731008,4.876800,0.000000,0.000000,5.639550
0.005000,2.514399,-0.993339,2.755392,4.876800,0.000000,0.000000,5.637205
0.005000,2.533853,-1.008040,2.779776,4.876800,0.000000,0.000000,5.634925
0.005000,2.553274,-1.022785,2.804160,4.876800,0.000000,0.000000,5.632710
0.005000,2.572663,-1.037572,2.828544,4.876800,0.000000,0.000000,5.630560
0.005000,2.592020,-1.052400,2.852928,4.876800,0.000000,0.000000,5.628475
0.005000,2.611347,-1.067268,2.877312,4.876800,0.000000,0.000000,5.626455
0.005000,2.630645,-1.082174,2.901696,4.876800,0.000000,0.000000,5.624499
0.005000,2.649913,-1.097117,2.926080,4.876800,0.000000,0.000000,5.622606
0.005000,2.669154,-1.112097,2.950464,4.876800,0.000000,0.000000,5.620778
0.005000,2.688368,-1.127110,2.974848,4.876800,0.000000,0.000000,5.619013
0.005000,2.707555,-1.142157,2.999232,4.876800,0.000000,0.000000,5.617311
0.005000,2.726718,-1.157236,3.023616,4.876800,0.000000,0.000000,5.615672
0.005000,2.745856,-1.172346,3.048000,4.876800,0.000000,0.000000,5.614096
0.005000,2.764971,-1.187485,3.072384,4.876800,0.000000,0.000000,5.612583
0.005000,2.784064,-1.202653,3.096768,4.876800,0.000000,0.000000,5.611133
0.005000,2.803135,-1.217847,3.121152,4.876800,0.000000,0.000000,5.609744
0.005000,2.822185,-1.233068,3.145536,4.876800,0.000000,0.000000,5.608418
0.005000,2.841216,-1.248313,3.169920,4.876800,0.000000,0.000000,5.607154
0.005000,2.860227,-1.263582,3.194304,4.876800,0.000000,0.000000,5.605951
0.005000,2.879221,-1.278873,3.218688,4.876800,0.000000,0.000000,5.604810
0.005000,2.898198,-1.294185,3.243072,4.876800,0.000000,0.000000,5.603731
0.005000,2.917159,-1.309517,3.267456,4.876800,0.000000,0.000000,5.602712
0.005000,2.936105,-1.324867,3.291840,4.876800,0.000000,0.000000,5.601755
0.005000,2.955036,-1.340235,3.316224,4.876800,0.000000,0.000000,5.600859
0.005000,2.973954,-1.355620,3.340608,4.876800,0.000000,0.000000,5.600024
0.005000,2.992860,-1.371020,3.364992,4.876800,0.000000,0.000000,5.599250
0.005000,3.011754,-1.386433,3.389376,4.876800,0.000000,0.000000,5.598536
0.005000,3.030638,-1.401860,3.413760,4.876800,0.000000,0.000000,5.597883
0.005000,3.049512,-1.417299,3.438144,4.876800,0.000000,0.000000,5.597290
0.005000,3.068377,-1.432748,3.462528,4.876800,0.000000,0.000000,5.596757
0.005000,3.087235,-1.448206,3.486912,4.876800,0.000000,0.000000,5.596285
0.005000,3.106086,-1.463673,3.511296,4.876800,0.000000,0.000000,5.595874
0.005000,3.124931,-1.479147,3.535680,4.876800,0.000000,0.000000,5.595522
0.005000,3.143771,-1.494628,3.560064,4.876800,0.000000,0.000000,5.595230
0.005000,3.162607,-1.510113,3.584448,4.876800,0.000000,0.000000,5.594999
0.005000,3.181439,-1.525602,3.608832,4.876800,0.000000,0.000000,5.594828
0.005000,3.200270,-1.541093,3.633216,4.876800,0.000000,0.000000,5.594716
0.005000,3.219099,-1.556586,3.657600,4.876800,0.000000,0.000000,5.594665
0.005000,3.237928,-1.572080,3.681984,4.876800,0.000000,0.000000,5.594674
0.005000,3.256758,-1.587573,3.706368,4.876800,0.000000,0.000000,5.594742
0.005000,3.275589,-1.603063,3.730752,4.876800,0.000000,0.000000,5.594871
0.005000,3.294423,-1.618551,3.755136,4.876800,0.000000,0.000000,5.595060
0.005000,3.313260,-1.634035,3.779520,4.876800,0.000000,0.000000,5.595308
0.005000,3.332101,-1.649514,3.803904,4.876800,0.000000,0.000000,5.595617
0.005000,3.350947,-1.664986,3.828288,4.876800,0.000000,0.000000,5.595986
0.005000,3.369800,-1.680451,3.852672,4.876800,0.000000,0.000000,5.596415
0.005000,3.388660,-1.695907,3.877056,4.876800,0.000000,0.000000,5.596905
0.005000,3.407528,-1.711353,3.901440,4.876800,0.000000,0.000000,5.597455
0.005000,3.426405,-1.726788,3.925824,4.876800,0.000000,0.000000,5.598065
0.005000,3.445291,-1.742211,3.950208,4.876800,0.000000,0.000000,5.598735
0.005000,3.464189,-1.757621,3.974592,4.876800,0.000000,0.000000,5.599467
0.005000,3.483098,-1.773016,3.998976,4.876800,0.000000,0.000000,5.600259
0.005000,3.502020,-1.788396,4.023360,4.876800,0.000000,0.000000,5.601111
0.005000,3.520955,-1.803760,4.047744,4.876800,0.000000,0.000000,5.602025
0.005000,3.539905,-1.819105,4.072128,4.876800,0.000000,0.000000,5.603000
0.005000,3.558870,-1.834431,4.096512,4.876800,0.000000,0.000000,5.604035
0.005000,3.577852,-1.849737,4.120896,4.876800,0.000000,0.000000,5.605133
0.005000,3.596851,-1.865022,4.145280,4.876800,0.000000,0.000000,5.606291
0.005000,3.615868,-1.880284,4.169664,4.876800,0.000000,0.000000,5.607512
0.005000,3.634904,-1.895522,4.194048,4.876800,0.000000,0.000000,5.608794
0.005000,3.653961,-1.910735,4.218432,4.876800,0.000000,0.000000,5.610138
0.005000,3.673038,-1.925922,4.242816,4.876800,0.000000,0.000000,5.611544
0.005000,3.692136,-1.941082,4.267200,4.876800,0.000000,0.000000,5.613013
0.005000,3.711258,-1.956213,4.291584,4.876800,0.000000,0.000000,5.614544
0.005000,3.730403,-1.971314,4.315968,4.876800,0.000000,0.000000,5.616138
0.005000,3.749573,-1.986384,4.340352,4.876800,0.000000,0.000000,5.617795
0.005000,3.768768,-2.001421,4.364736,4.876800,0.000000,0.000000,5.619515
0.005000,3.787990,-2.016425,4.389120,4.876800,0.000000,0.000000,5.621298
0.005000,3.807238,-2.031394,4.413504,4.876800,0.000000,0.000000,5.623145
0.005000,3.826515,-2.046326,4.437888,4.876800,0.000000,0.000000,5.625056
0.005000,3.845821,-2.061222,4.462272,4.876800,0.000000,0.000000,5.627031
0.005000,3.865156,-2.076078,4.486656,4.876800,0.000000,0.000000,5.629070
0.005000,3.884523,-2.090895,4.511040,4.876800,0.000000,0.000000,5.631173
0.005000,3.903921,-2.105670,4.535424,4.876800,0.000000,0.000000,5.633342
0.005000,3.923351,-2.120402,4.559808,4.876800,0.000000,0.000000,5.635575
0.005000,3.942815,-2.135090,4.584192,4.876800,0.000000,0.000000,5.637874
0.005000,3.962313,-2.149733,4.608576,4.876800,0.000000,0.000000,5.640238
0.005000,3.981846,-2.164329,4.632960,4.876800,0.000000,0.000000,5.642668
0.005000,4.001415,-2.178876,4.657344,4.876800,0.000000,0.000000,5.645164
0.005000,4.021020,-2.193375,4.681728,4.876800,0.000000,0.000000,5.647727
0.005000,4.040663,-2.207822,4.706112,4.876800,0.000000,0.000000,5.650356
0.005000,4.060345,-2.222217,4.730496,4.876800,0.000000,0.000000,5.653052
0.005000,4.080066,-2.236558,4.754880,4.876800,0.000000,0.000000,5.655814
0.005000,4.099826,-2.250844,4.779264,4.876800,0.000000,0.000000,5.658645
0.005000,4.119628,-2.265073,4.803648,4.876659,-0.028293,-5.658549,5.661542
0.005000,4.139469,-2.279243,4.828029,4.876032,-0.125343,-19.410149,5.664508
0.005000,4.159349,-2.293351,4.852407,4.874920,-0.222394,-19.410149,5.667541
0.005000,4.179267,-2.307394,4.876777,4.873323,-0.319445,-19.410149,5.670641
0.005000,4.199222,-2.321369,4.901139,4.871240,-0.416496,-19.410149,5.673809
0.005000,4.219211,-2.335274,4.925489,4.868672,-0.513546,-19.410149,5.677044
0.005000,4.239234,-2.349105,4.949824,4.865619,-0.610597,-19.410149,5.680346
0.005000,4.259290,-2.362860,4.974144,4.862081,-0.707648,-19.410149,5.683714
0.005000,4.279376,-2.376536,4.998444,4.858058,-0.804699,-19.410149,5.687149
0.005000,4.299493,-2.390130,5.022723,4.853549,-0.901749,-19.410149,5.690651
0.005000,4.319637,-2.403640,5.046978,4.848555,-0.998800,-19.410149,5.694218
0.005000,4.339808,-2.417063,5.071207,4.843076,-1.095851,-19.410149,5.697850
0.005000,4.360005,-2.430396,5.095408,4.837111,-1.192902,-19.410149,5.701548
0.005000,4.380225,-2.443637,5.119577,4.830661,-1.289952,-19.410149,5.705310
0.005000,4.400467,-2.456782,5.143713,4.823726,-1.387003,-19.410149,5.709137
0.005000,4.420729,-2.469830,5.167813,4.816306,-1.484054,-19.410149,5.713027
0.005000,4.441010,-2.482778,5.191875,4.808401,-1.581105,-19.410149,5.716980
0.005000,4.461308,-2.495623,5.215896,4.800010,-1.678155,-19.410149,5.720995
0.005000,4.481621,-2.508363,5.239874,4.791134,-1.775206,-19.410149,5.725073
0.005000,4.501948,-2.520995,5.263806,4.781773,-1.872257,-19.410149,5.729211
0.005000,4.522287,-2.533517,5.287690,4.771926,-1.969308,-19.410149,5.733410
0.005000,4.542635,-2.545927,5.311524,4.761594,-2.066358,-19.410149,5.737668
0.005000,4.562991,-2.558222,5.335305,4.750777,-2.163409,-19.410149,5.741984
0.005000,4.583352,-2.570401,5.359031,4.739475,-2.260460,-19.410149,5.746359
0.005000,4.603718,-2.582460,5.382699,4.727687,-2.357511,-19.410149,5.750790
0.005000,4.624085,-2.594397,5.406306,4.715414,-2.454561,-19.410149,5.755278
0.005000,4.644451,-2.606212,5.429852,4.702656,-2.551612,-19.410149,5.759820
0.005000,4.664815,-2.617900,5.453332,4.689413,-2.648663,-19.410149,5.764416
0.005000,4.685174,-2.629461,5.476744,4.675685,-2.745714,-19.410149,5.769064
0.005000,4.705526,-2.640893,5.500087,4.661471,-2.842764,-19.410149,5.773764
0.005000,4.725869,-2.652193,5.523358,4.646772,-2.939815,-19.410149,5.778514
0.005000,4.746200,-2.663360,5.546554,4.631587,-3.036866,-19.410149,5.783314
0.005000,4.766517,-2.674392,5.569673,4.615918,-3.133917,-19.410149,5.788161
0.005000,4.786817,-2.685288,5.592712,4.599763,-3.230967,-19.410149,5.793054
0.005000,4.807098,-2.696045,5.615669,4.583123,-3.328018,-19.410149,5.797992
0.005000,4.827357,-2.706662,5.638542,4.565997,-3.425069,-19.410149,5.802974
0.005000,4.847592,-2.717137,5.661328,4.548387,-3.522120,-19.410149,5.807998
0.005000,4.867801,-2.727470,5.684024,4.530291,-3.619170,-19.410149,5.813062
0.005000,4.887979,-2.737659,5.706629,4.511710,-3.716221,-19.410149,5.818166
0.005000,4.908126,-2.747702,5.729140,4.492644,-3.813272,-19.410149,5.823306
0.005000,4.928237,-2.757598,5.751555,4.473092,-3.910323,-19.410149,5.828482
0.005000,4.948310,-2.767347,5.773870,4.453055,-4.007373,-19.410149,5.833692
0.005000,4.968343,-2.776947,5.796084,4.432533,-4.104424,-19.410149,5.838934
0.005000,4.988332,-2.786397,5.818194,4.411526,-4.201475,-19.410149,5.844206
0.005000,5.008274,-2.795696,5.840198,4.390033,-4.298526,-19.410149,5.849507
0.005000,5.028167,-2.804844,5.862093,4.368055,-4.395576,-19.410149,5.854835
0.005000,5.048007,-2.813839,5.883877,4.345592,-4.492627,-19.410149,5.860187
0.005000,5.067791,-2.822682,5.905548,4.322644,-4.589678,-19.410149,5.865563
0.005000,5.087517,-2.831371,5.927103,4.299210,-4.686729,-19.410149,5.870959
0.005000,5.107180,-2.839906,5.948539,4.275291,-4.783779,-19.410149,5.876374
0.005000,5.126779,-2.848287,5.969854,4.250887,-4.880830,-19.410149,5.881806
0.005000,5.146309,-2.856514,5.991047,4.225997,-4.977881,-19.410149,5.887253
0.005000,5.165768,-2.864585,6.012113,4.200623,-5.074932,-19.410149,5.892712
0.005000,5.185152,-2.872502,6.033052,4.174763,-5.171982,-19.410149,5.898183
0.005000,5.204458,-2.880264,6.053860,4.148418,-5.269033,-19.410149,5.903662
0.005000,5.223683,-2.887871,6.074535,4.121587,-5.366084,-19.410149,5.909148
0.005000,5.242823,-2.895323,6.095074,4.094272,-5.463135,-19.410149,5.914638
0.005000,5.261875,-2.902621,6.115476,4.066471,-5.560185,-19.410149,5.920130
0.005000,5.280835,-2.909765,6.135738,4.038185,-5.657236,-19.410149,5.925623
0.005000,5.299701,-2.916754,6.155857,4.009413,-5.754287,-19.410149,5.931114
0.005000,5.318469,-2.923591,6.175831,3.980156,-5.851338,-19.410149,5.936600
0.005000,5.337135,-2.930275,6.195657,3.950414,-5.948388,-19.410149,5.942081
0.005000,5.355695,-2.936806,6.215334,3.920187,-6.045439,-19.410149,5.947552
0.005000,5.374148,-2.943186,6.234858,3.889475,-6.142490,-19.410149,5.953014
0.005000,5.392488,-2.949416,6.254227,3.858277,-6.239541,-19.410149,5.958462
0.005000,5.410712,-2.955496,6.273439,3.826594,-6.336591,-19.410149,5.963896
0.005000,5.428818,-2.961428,6.292492,3.794426,-6.433642,-19.410149,5.969313
0.005000,5.446801,-2.967212,6.311382,3.761772,-6.530693,-19.410149,5.974710
0.005000,5.464659,-2.972849,6.330108,3.728634,-6.627743,-19.410149,5.980087
0.005000,5.482386,-2.978341,6.348667,3.695010,-6.724794,-19.410149,5.985440
0.005000,5.499981,-2.983689,6.367057,3.660901,-6.821845,-19.410149,5.990768
0.005000,5.517440,-2.988895,6.385275,3.626306,-6.918896,-19.410149,5.996068
0.005000,5.534758,-2.993959,6.403319,3.591226,-7.015946,-19.410149,6.001339
0.005000,5.551934,-2.998883,6.421186,3.555661,-7.112997,-19.410149,6.006579
0.005000,5.568962,-3.003670,6.438874,3.519611,-7.210048,-19.410149,6.011785
0.005000,5.585840,-3.008319,6.456381,3.483217,-7.278806,-13.751600,6.016956
0.005000,5.602567,-3.012835,6.473707,3.446823,-7.278806,-0.000000,6.022090
0.005000,5.619140,-3.017218,6.490850,3.410429,-7.278806,0.000000,6.027187
0.005000,5.635559,-3.021471,6.507811,3.374035,-7.278806,0.000000,6.032244
0.005000,5.651823,-3.025597,6.524590,3.337641,-7.278806,0.000000,6.037262
0.005000,5.667931,-3.029597,6.541187,3.301247,-7.278806,0.000000,6.042238
0.005000,5.683882,-3.033475,6.557603,3.264853,-7.278806,0.000000,6.047172
0.005000,5.699674,-3.037232,6.573836,3.228459,-7.278806,0.000000,6.052063
0.005000,5.715307,-3.040871,6.589887,3.192065,-7.278806,-0.000000,6.056910
0.005000,5.730781,-3.044394,6.605756,3.155671,-7.278806,0.000000,6.061712
0.005000,5.746093,-3.047804,6.621444,3.119277,-7.278806,0.000000,6.066468
0.005000,5.761244,-3.051102,6.636949,3.082883,-7.278806,0.000000,6.071178
0.005000,5.776231,-3.054292,6.652273,3.046489,-7.278806,0.000000,6.075840
0.005000,5.791056,-3.057375,6.667414,3.010095,-7.278806,0.000000,6.080454
0.005000,5.805716,-3.060353,6.682374,2.973701,-7.278806,-0.000000,6.085019
0.005000,5.820210,-3.063230,6.697151,2.937307,-7.278806,0.000000,6.089534
0.005000,5.834539,-3.066007,6.711747,2.900913,-7.278806,0.000000,6.094000
0.005000,5.848702,-3.068686,6.726160,2.864519,-7.278806,0.000000,6.098414
0.005000,5.862697,-3.071270,6.740392,2.828125,-7.278806,0.000000,6.102777
0.005000,5.876524,-3.073761,6.754442,2.791731,-7.278806,0.000000,6.107088
0.005000,5.890182,-3.076162,6.768309,2.755336,-7.278806,-0.000000,6.111347
0.005000,5.903671,-3.078473,6.781995,2.718942,-7.278806,0.000000,6.115552
0.005000,5.916990,-3.080699,6.795499,2.682548,-7.278806,-0.000000,6.119705
0.005000,5.930139,-3.082840,6.808820,2.646154,-7.278806,0.000000,6.123803
0.005000,5.943116,-3.084899,6.821960,2.609760,-7.278806,0.000000,6.127847
0.005000,5.955922,-3.086879,6.834918,2.573366,-7.278806,0.000000,6.131836
0.005000,5.968555,-3.088780,6.847694,2.536972,-7.278806,0.000000,6.135771
0.005000,5.981016,-3.090606,6.860288,2.500578,-7.278806,-0.000000,6.139650
0.005000,5.993304,-3.092357,6.872700,2.464184,-7.278806,0.000000,6.143474
0.005000,6.005418,-3.094038,6.884930,2.427790,-7.278806,-0.000000,6.147241
0.005000,6.017358,-3.095648,6.896977,2.391396,-7.278806,0.000000,6.150953
0.005000,6.029123,-3.097191,6.908843,2.355002,-7.278806,-0.000000,6.154608
0.005000,6.040713,-3.098669,6.920528,2.318608,-7.278806,0.000000,6.158207
0.005000,6.052128,-3.100082,6.932030,2.282214,-7.278806,0.000000,6.161749
0.005000,6.063367,-3.101434,6.943350,2.245820,-7.278806,-0.000000,6.165234
0.005000,6.074430,-3.102726,6.954488,2.209426,-7.278806,0.000000,6.168662
0.005000,6.085317,-3.103959,6.965444,2.173032,-7.278806,-0.000000,6.172033
0.005000,6.096026,-3.105137,6.976218,2.136638,-7.278806,0.000000,6.175347
0.005000,6.106559,-3.106260,6.986810,2.100244,-7.278806,0.000000,6.178603
0.005000,6.116914,-3.107330,6.997221,2.063850,-7.278806,-0.000000,6.181802
0.005000,6.127091,-3.108349,7.007449,2.027456,-7.278806,0.000000,6.184943
0.005000,6.137090,-3.109319,7.017495,1.991062,-7.278806,0.000000,6.188027
0.005000,6.146912,-3.110241,7.027359,1.954668,-7.278806,-0.000000,6.191053
0.005000,6.156554,-3.111118,7.037042,1.918274,-7.278806,0.000000,6.194021
0.005000,6.166018,-3.111950,7.046542,1.881880,-7.278806,0.000000,6.196932
0.005000,6.175303,-3.112740,7.055861,1.845486,-7.278806,-0.000000,6.199786
0.005000,6.184409,-3.113488,7.064997,1.809092,-7.278806,0.000000,6.202581
0.005000,6.193335,-3.114197,7.073951,1.772698,-7.278806,-0.000000,6.205319
0.005000,6.202082,-3.114867,7.082724,1.736304,-7.278806,0.000000,6.208000
0.005000,6.210649,-3.115501,7.091315,1.699910,-7.278806,0.000000,6.210623
0.005000,6.219036,-3.116100,7.099723,1.663516,-7.278806,0.000000,6.213189
0.005000,6.227243,-3.116665,7.107950,1.627122,-7.278806,-0.000000,6.215697
0.005000,6.235270,-3.117198,7.115994,1.590728,-7.278806,0.000000,6.218147
0.005000,6.243117,-3.117700,7.123857,1.554334,-7.278806,0.000000,6.220541
0.005000,6.250783,-3.118172,7.131538,1.517939,-7.278806,-0.000000,6.222877
0.005000,6.258269,-3.118615,7.139036,1.481545,-7.278806,0.000000,6.225156
0.005000,6.265574,-3.119031,7.146353,1.445151,-7.278806,-0.000000,6.227378
0.005000,6.272698,-3.119421,7.153488,1.408757,-7.278806,0.000000,6.229543
0.005000,6.279641,-3.119787,7.160441,1.372363,-7.278806,0.000000,6.231651
0.005000,6.286403,-3.120129,7.167212,1.336111,-7.250513,5.658549,6.233703
0.005000,6.292987,-3.120448,7.173803,1.300343,-7.153462,19.410149,6.235698
0.005000,6.299393,-3.120746,7.180216,1.265061,-7.056412,19.410149,6.237638
0.005000,6.305625,-3.121025,7.186455,1.230265,-6.959361,19.410149,6.239524
0.005000,6.311686,-3.121284,7.192520,1.195953,-6.862310,19.410149,6.241356
0.005000,6.317576,-3.121525,7.198416,1.162127,-6.765259,19.410149,6.243135
0.005000,6.323299,-3.121749,7.204143,1.128786,-6.668209,19.410149,6.244862
0.005000,6.328857,-3.121958,7.209705,1.095930,-6.571158,19.410149,6.246538
0.005000,6.334252,-3.122151,7.215103,1.063559,-6.474107,19.410149,6.248164
0.005000,6.339487,-3.122331,7.220341,1.031674,-6.377057,19.410149,6.249740
0.005000,6.344564,-3.122497,7.225421,1.000274,-6.280006,19.410149,6.251268
0.005000,6.349486,-3.122650,7.230345,0.969359,-6.182955,19.410149,6.252747
0.005000,6.354254,-3.122792,7.235116,0.938930,-6.085904,19.410149,6.254180
0.005000,6.358872,-3.122923,7.239736,0.908986,-5.988854,19.410149,6.255566
0.005000,6.363342,-3.123043,7.244207,0.879527,-5.891803,19.410149,6.256907
0.005000,6.367666,-3.123154,7.248532,0.850553,-5.794752,19.410149,6.258203
0.005000,6.371846,-3.123256,7.252714,0.822064,-5.697701,19.410149,6.259455
0.005000,6.375885,-3.123349,7.256754,0.794061,-5.600651,19.410149,6.260665
0.005000,6.379786,-3.123435,7.260656,0.766543,-5.503600,19.410149,6.261832
0.005000,6.383550,-3.123513,7.264421,0.739510,-5.406549,19.410149,6.262958
0.005000,6.387181,-3.123585,7.268052,0.712963,-5.309498,19.410149,6.264042
0.005000,6.390680,-3.123650,7.271552,0.686901,-5.212448,19.410149,6.265088
0.005000,6.394050,-3.123709,7.274922,0.661324,-5.115397,19.410149,6.266094
0.005000,6.397293,-3.123763,7.278166,0.636232,-5.018346,19.410149,6.267061
0.005000,6.400412,-3.123812,7.281286,0.611625,-4.921295,19.410149,6.267991
0.005000,6.403410,-3.123856,7.284284,0.587504,-4.824245,19.410149,6.268885
0.005000,6.406288,-3.123896,7.287162,0.563868,-4.727194,19.410149,6.269742
0.005000,6.409049,-3.123932,7.289924,0.540717,-4.630143,19.410149,6.270564
0.005000,6.411696,-3.123964,7.292570,0.518052,-4.533092,19.410149,6.271352
0.005000,6.414231,-3.123993,7.295105,0.495872,-4.436042,19.410149,6.272106
0.005000,6.416656,-3.124019,7.297530,0.474177,-4.338991,19.410149,6.272827
0.005000,6.418973,-3.124042,7.299848,0.452967,-4.241940,19.410149,6.273516
0.005000,6.421186,-3.124063,7.302061,0.432243,-4.144889,19.410149,6.274174
0.005000,6.423297,-3.124081,7.304172,0.412003,-4.047839,19.410149,6.274801
0.005000,6.425307,-3.124098,7.306183,0.392250,-3.950788,19.410149,6.275398
0.005000,6.427220,-3.124112,7.308096,0.372981,-3.853737,19.410149,6.275965
0.005000,6.429038,-3.124125,7.309914,0.354197,-3.756686,19.410149,6.276505
0.005000,6.430763,-3.124136,7.311639,0.335899,-3.659636,19.410149,6.277017
0.005000,6.432398,-3.124145,7.313274,0.318086,-3.562585,19.410149,6.277501
0.005000,6.433945,-3.124154,7.314821,0.300759,-3.465534,19.410149,6.277960
0.005000,6.435407,-3.124161,7.316283,0.283916,-3.368483,19.410149,6.278393
0.005000,6.436786,-3.124168,7.317661,0.267559,-3.271433,19.410149,6.278802
0.005000,6.438084,-3.124173,7.318959,0.251687,-3.174382,19.410149,6.279186
0.005000,6.439304,-3.124178,7.320179,0.236300,-3.077331,19.410149,6.279548
0.005000,6.440448,-3.124182,7.321324,0.221399,-2.980280,19.410149,6.279887
0.005000,6.441519,-3.124185,7.322395,0.206983,-2.883230,19.410149,6.280204
0.005000,6.442519,-3.124188,7.323395,0.193052,-2.786179,19.410149,6.280500
0.005000,6.443451,-3.124190,7.324326,0.179606,-2.689128,19.410149,6.280775
0.005000,6.444316,-3.124192,7.325192,0.166646,-2.592077,19.410149,6.281032
0.005000,6.445118,-3.124194,7.325994,0.154171,-2.495027,19.410149,6.281269
0.005000,6.445859,-3.124195,7.326735,0.142181,-2.397976,19.410149,6.281488
0.005000,6.446541,-3.124196,7.327417,0.130676,-2.300925,19.410149,6.281690
0.005000,6.447167,-3.124197,7.328043,0.119657,-2.203874,19.410149,6.281875
0.005000,6.447739,-3.124198,7.328615,0.109123,-2.106824,19.410149,6.282044
0.005000,6.448260,-3.124198,7.329135,0.099074,-2.009773,19.410149,6.282198
0.005000,6.448731,-3.124199,7.329607,0.089510,-1.912722,19.410149,6.282337
0.005000,6.449156,-3.124199,7.330032,0.080432,-1.815671,19.410149,6.282463
0.005000,6.449537,-3.124199,7.330412,0.071839,-1.718621,19.410149,6.282575
0.005000,6.449876,-3.124200,7.330751,0.063731,-1.621570,19.410149,6.282676
0.005000,6.450175,-3.124200,7.331051,0.056108,-1.524519,19.410149,6.282764
0.005000,6.450438,-3.124200,7.331313,0.048971,-1.427468,19.410149,6.282842
0.005000,6.450666,-3.124200,7.331542,0.042319,-1.330418,19.410149,6.282909
0.005000,6.450862,-3.124200,7.331738,0.036152,-1.233367,19.410149,6.282967
0.005000,6.451029,-3.124200,7.331904,0.030471,-1.136316,19.410149,6.283017
0.005000,6.451168,-3.124200,7.332044,0.025274,-1.039265,19.410149,6.283058
0.005000,6.451283,-3.124200,7.332158,0.020563,-0.942215,19.410149,6.283092
0.005000,6.451375,-3.124200,7.332251,0.016337,-0.845164,19.410149,6.283119
0.005000,6.451447,-3.124200,7.332323,0.012597,-0.748113,19.410149,6.283140
0.005000,6.451502,-3.124200,7.332378,0.009342,-0.651062,19.410149,6.283156
0.005000,6.451542,-3.124200,7.332418,0.006571,-0.554012,19.410149,6.283168
0.005000,6.451569,-3.124200,7.332445,0.004287,-0.456961,19.410149,6.283176
0.005000,6.451586,-3.124200,7.332462,0.002487,-0.359910,19.410149,6.283181
0.005000,6.451595,-3.124200,7.332471,0.001173,-0.262859,19.410149,6.283184
0.005000,6.451599,-3.124200,7.332475,0.000344,-0.165809,19.410149,6.283185
0.005000,6.451600,-3.124200,7.332475,0.000000,-0.068758,19.410149,6.283185
0.005000,6.451600,-3.124200,7.332475,0.000000,0.000000,13.751600,6.283185
